{"cameraMode":{"drawMode":0,"name":"Shaded","section":"Shading Mode"},"sceneLighting":true,"audioPlay":false,"sceneViewState":{"showFog":true,"showMaterialUpdate":false,"showSkybox":false,"showFlares":true,"showImageEffects":true,"showParticleSystems":true},"in2DMode":false,"pivot":{"x":0.18000030517578126,"y":0.3379993438720703,"z":-0.0540008544921875},"rotation":{"x":0.19387704133987428,"y":-0.3427210748195648,"z":0.07251300662755966,"w":0.9163548946380615},"size":11.132696151733399,"orthographic":false}