{"cameraMode":{"drawMode":0,"name":"Shaded","section":"Shading Mode"},"sceneLighting":false,"audioPlay":false,"sceneViewState":{"showFog":true,"showMaterialUpdate":false,"showSkybox":false,"showFlares":true,"showImageEffects":true,"showParticleSystems":true},"in2DMode":false,"pivot":{"x":-5.971841812133789,"y":2.7616806030273439,"z":-12.87743091583252},"rotation":{"x":0.12540148198604585,"y":-0.17757685482501985,"z":0.022856494411826135,"w":0.9758585691452026},"size":2.651460886001587,"orthographic":false}