{"cameraMode":{"drawMode":0,"name":"Shaded","section":"Shading Mode"},"sceneLighting":true,"audioPlay":false,"sceneViewState":{"showFog":true,"showMaterialUpdate":false,"showSkybox":true,"showFlares":true,"showImageEffects":true,"showParticleSystems":true},"in2DMode":false,"pivot":{"x":10.930720329284668,"y":18.856796264648439,"z":-10.020858764648438},"rotation":{"x":-0.03374188020825386,"y":0.9225625395774841,"z":0.08332598209381104,"w":0.3758832812309265},"size":58.816558837890628,"orthographic":false}