{"cameraMode":{"drawMode":0,"name":"Shaded","section":"Shading Mode"},"sceneLighting":false,"audioPlay":false,"sceneViewState":{"showFog":true,"showMaterialUpdate":false,"showSkybox":false,"showFlares":true,"showImageEffects":true,"showParticleSystems":true},"in2DMode":false,"pivot":{"x":0.0,"y":0.6280350089073181,"z":-0.027925223112106324},"rotation":{"x":-0.1333911418914795,"y":0.018422752618789674,"z":-0.00250712176784873,"w":-0.9909203052520752},"size":0.8762876391410828,"orthographic":false}