{"cameraMode":{"drawMode":0,"name":"Shaded","section":"Shading Mode"},"sceneLighting":true,"audioPlay":false,"sceneViewState":{"showFog":true,"showMaterialUpdate":false,"showSkybox":true,"showFlares":true,"showImageEffects":true,"showParticleSystems":true},"in2DMode":false,"pivot":{"x":571.8477783203125,"y":927.1787109375,"z":0.42234721779823305},"rotation":{"x":0.034179721027612689,"y":0.01858282834291458,"z":0.0006064180051907897,"w":-0.9992802143096924},"size":934.0284423828125,"orthographic":false}