{"cameraMode":{"drawMode":0,"name":"Shaded","section":"Shading Mode"},"sceneLighting":false,"audioPlay":false,"sceneViewState":{"showFog":true,"showMaterialUpdate":false,"showSkybox":false,"showFlares":true,"showImageEffects":true,"showParticleSystems":true},"in2DMode":false,"pivot":{"x":0.09999990463256836,"y":1.1099998950958253,"z":0.0},"rotation":{"x":-0.20040148496627809,"y":0.29118597507476809,"z":-0.06253379583358765,"w":-0.9333701729774475},"size":2.631988763809204,"orthographic":false}