{"cameraMode":{"drawMode":0,"name":"Shaded","section":"Shading Mode"},"sceneLighting":false,"audioPlay":false,"sceneViewState":{"showFog":true,"showMaterialUpdate":false,"showSkybox":false,"showFlares":true,"showImageEffects":true,"showParticleSystems":true},"in2DMode":false,"pivot":{"x":-8.423431396484375,"y":1.3362102508544922,"z":-12.51626968383789},"rotation":{"x":-0.006771683692932129,"y":0.9866829514503479,"z":-0.15701448917388917,"w":-0.04265214875340462},"size":5.055931091308594,"orthographic":false}