{"cameraMode":{"drawMode":0,"name":"Shaded","section":"Shading Mode"},"sceneLighting":true,"audioPlay":false,"sceneViewState":{"showFog":true,"showMaterialUpdate":false,"showSkybox":false,"showFlares":true,"showImageEffects":true,"showParticleSystems":true},"in2DMode":false,"pivot":{"x":1.2696685791015626,"y":2.2933473587036135,"z":-13.827718734741211},"rotation":{"x":0.19387704133987428,"y":-0.3427210748195648,"z":0.07251300662755966,"w":0.9163548946380615},"size":170.64425659179688,"orthographic":false}