{"cameraMode":{"drawMode":0,"name":"Shaded","section":"Shading Mode"},"sceneLighting":false,"audioPlay":false,"sceneViewState":{"showFog":true,"showMaterialUpdate":false,"showSkybox":false,"showFlares":true,"showImageEffects":true,"showParticleSystems":true},"in2DMode":false,"pivot":{"x":0.09999990463256836,"y":1.1099998950958253,"z":0.0},"rotation":{"x":0.10393921285867691,"y":0.19472284615039826,"z":0.02076367288827896,"w":-0.9751343727111816},"size":2.374561309814453,"orthographic":false}